Date,Shift,Line_Machine,Product,Target_Qty,Actual_Qty,Downtime_Minutes,Operator
2025-10-28,Morning,Line-1/Machine-M1,Widget-A,300,250,35,Rajesh Kumar
2025-10-29,Afternoon,Line-2/Machine-M2,Component-X,400,335,15,Priya Sharma
2025-10-30,Night,Line-3/Machine-M1,Widget-B,250,210,8,Amit Patel
2025-10-31,Morning,Line-1/Machine-M2,Component-Y,350,290,20,Sneha Desai
2025-11-01,Afternoon,Line-2/Machine-M1,Assembly-Z,150,125,10,Vikram Singh
2025-11-02,Morning,Line-1/Machine-M1,Widget-A,400,335,15,Rajesh Kumar
2025-11-03,Afternoon,Line-2/Machine-M2,Component-X,350,295,30,Priya Sharma
2025-11-04,Night,Line-3/Machine-M1,Assembly-Z,250,210,5,Amit Patel
2025-11-05,Morning,Line-1/Machine-M1,Widget-A,300,250,45,Rajesh Kumar
2025-11-06,Afternoon,Line-2/Machine-M2,Component-X,400,345,20,Priya Sharma
2025-11-07,Night,Line-3/Machine-M1,Assembly-Z,250,210,30,Amit Patel
2025-11-08,Morning,Line-1/Machine-M2,Widget-B,350,305,15,Sneha Desai
2025-11-09,Afternoon,Line-2/Machine-M1,Component-Y,450,380,0,Vikram Singh
2025-11-10,Morning,Line-1/Machine-M1,Widget-A,350,287,25,Rajesh Kumar
2025-11-10,Morning,Line-1/Machine-M1,Widget-A,300,248,15,Rajesh Kumar
2025-11-10,Morning,Line-1/Machine-M1,Widget-A,300,250,25,Rajesh Kumar
2025-11-10,Afternoon,Line-1/Machine-M2,Widget-B,250,210,15,Priya Sharma
2025-11-10,Night,Line-2/Machine-M1,Component-X,400,335,10,Amit Patel
2025-11-10,Morning,Line-1/Machine-M1,Widget-A,300,248,15,Rajesh Kumar
2025-11-11,Morning,Line-2/Machine-M2,Component-Y,350,295,5,Sneha Desai
2025-11-11,Afternoon,Line-3/Machine-M1,Assembly-Z,150,125,20,Vikram Singh
2025-11-11,Night,Line-3/Machine-M2,Widget-C,200,170,30,Rajesh Kumar
2025-11-11,Afternoon,Line-1/Machine-M2,Widget-B,400,345,5,Priya Sharma
2025-11-11,Afternoon,Line-2/Machine-M2,Widget-B,400,338,5,Priya Sharma
2025-11-11,Afternoon,Line-1/Machine-M2,Widget-B,400,329,15,Priya Sharma
2025-11-12,Night,Line-2/Machine-M1,Component-X,250,208,0,Amit Patel
2025-11-12,Night,Line-3/Machine-M1,Component-X,250,210,0,Amit Patel
2025-11-12,Night,Line-2/Machine-M1,Component-X,250,206,5,Amit Patel
2025-11-12,Night,Line-2/Machine-M1,Component-X,400,340,5,Sneha Desai
2025-11-12,Afternoon,Line-1/Machine-M2,Widget-B,250,215,0,Amit Patel
2025-11-12,Morning,Line-1/Machine-M1,Widget-A,300,255,10,Priya Sharma
2025-11-13,Morning,Line-2/Machine-M2,Component-Y,300,247,30,Sneha Desai
2025-11-13,Night,Line-3/Machine-M2,Widget-C,200,175,0,Priya Sharma
2025-11-13,Afternoon,Line-3/Machine-M1,Assembly-Z,150,120,25,Rajesh Kumar
2025-11-13,Morning,Line-2/Machine-M2,Component-Y,350,290,35,Vikram Singh
2025-11-13,Morning,Line-2/Machine-M2,Component-Y,350,299,10,Sneha Desai
2025-11-13,Morning,Line-1/Machine-M2,Widget-A,320,270,20,Sneha Desai
2025-11-14,Afternoon,Line-1/Machine-M2,Widget-B,270,230,10,Sneha Desai
2025-11-14,Afternoon,Line-3/Machine-M1,Assembly-Z,150,123,10,Vikram Singh
2025-11-14,Morning,Line-1/Machine-M1,Widget-A,320,270,15,Amit Patel
2025-11-14,Afternoon,Line-2/Machine-M1,Widget-B,420,354,10,Vikram Singh
2025-11-14,Night,Line-2/Machine-M1,Component-X,420,355,5,Vikram Singh
2025-11-14,Afternoon,Line-3/Machine-M1,Assembly-Z,150,127,20,Vikram Singh
2025-11-15,Night,Line-3/Machine-M2,Component-Y,270,228,0,Rajesh Kumar
2025-11-15,Night,Line-3/Machine-M2,Widget-C,450,370,0,Rajesh Kumar
2025-11-15,Morning,Line-2/Machine-M2,Component-Y,370,315,0,Rajesh Kumar
2025-11-15,Afternoon,Line-3/Machine-M1,Assembly-Z,170,145,10,Priya Sharma
2025-11-15,Night,Line-3/Machine-M2,Widget-C,220,185,20,Amit Patel
2025-11-15,Night,Line-3/Machine-M2,Widget-A,320,274,5,Rajesh Kumar
2025-11-16,Morning,Line-1/Machine-M1,Widget-B,410,352,0,Priya Sharma
2025-11-16,Afternoon,Line-1/Machine-M2,Widget-B,270,235,0,Vikram Singh
2025-11-16,Night,Line-2/Machine-M1,Component-X,420,360,0,Rajesh Kumar
2025-11-16,Morning,Line-1/Machine-M1,Widget-A,320,265,30,Sneha Desai
2025-11-16,Morning,Line-1/Machine-M1,Widget-A,360,296,20,Priya Sharma
2025-11-16,Morning,Line-1/Machine-M1,Widget-A,310,259,18,Rajesh Kumar
2025-11-17,Afternoon,Line-1/Machine-M2,Widget-B,410,338,10,Amit Patel
2025-11-17,Afternoon,Line-3/Machine-M1,Assembly-Z,170,140,30,Amit Patel
2025-11-17,Morning,Line-2/Machine-M2,Component-Y,370,310,25,Priya Sharma
2025-11-17,Afternoon,Line-2/Machine-M2,Widget-B,410,347,7,Priya Sharma
2025-11-17,Afternoon,Line-1/Machine-M2,Component-X,260,223,10,Amit Patel
2025-11-17,Night,Line-3/Machine-M2,Widget-C,220,190,0,Sneha Desai
2025-11-18,Night,Line-2/Machine-M1,Component-Y,360,305,5,Sneha Desai
2025-11-18,Night,Line-2/Machine-M1,Component-X,260,214,0,Sneha Desai
2025-11-18,Night,Line-2/Machine-M1,Component-X,440,375,0,Priya Sharma
2025-11-18,Night,Line-3/Machine-M1,Component-X,260,218,0,Amit Patel
2025-11-18,Afternoon,Line-1/Machine-M2,Widget-B,290,250,5,Rajesh Kumar
2025-11-18,Morning,Line-1/Machine-M1,Widget-A,340,285,10,Vikram Singh
2025-11-19,Morning,Line-1/Machine-M2,Widget-A,330,279,22,Sneha Desai
2025-11-19,Night,Line-3/Machine-M2,Widget-C,240,205,0,Vikram Singh
2025-11-19,Afternoon,Line-3/Machine-M1,Assembly-Z,190,160,15,Sneha Desai
2025-11-19,Morning,Line-2/Machine-M2,Component-Y,390,325,20,Amit Patel
2025-11-19,Morning,Line-2/Machine-M2,Assembly-Z,160,134,0,Vikram Singh
2025-11-19,Morning,Line-2/Machine-M2,Component-Y,310,255,25,Vikram Singh
2025-11-20,Night,Line-2/Machine-M1,Component-X,440,380,0,Amit Patel
2025-11-20,Afternoon,Line-1/Machine-M2,Widget-B,290,245,0,Priya Sharma
2025-11-20,Morning,Line-1/Machine-M1,Widget-A,340,280,35,Rajesh Kumar
2025-11-20,Afternoon,Line-3/Machine-M1,Widget-A,330,283,15,Rajesh Kumar
2025-11-20,Afternoon,Line-3/Machine-M1,Assembly-Z,160,131,5,Rajesh Kumar
2025-11-20,Afternoon,Line-2/Machine-M1,Widget-B,430,362,12,Vikram Singh
2025-11-21,Night,Line-3/Machine-M2,Widget-C,460,378,0,Priya Sharma
2025-11-21,Night,Line-3/Machine-M2,Component-Y,280,236,0,Rajesh Kumar
2025-11-21,Morning,Line-2/Machine-M2,Component-Y,390,330,10,Sneha Desai
2025-11-21,Afternoon,Line-3/Machine-M1,Assembly-Z,190,155,20,Vikram Singh
2025-11-21,Night,Line-3/Machine-M2,Widget-C,240,210,0,Rajesh Kumar
2025-11-21,Night,Line-3/Machine-M2,Widget-B,420,358,5,Priya Sharma
2025-11-22,Afternoon,Line-1/Machine-M2,Widget-B,310,260,5,Amit Patel
2025-11-22,Morning,Line-1/Machine-M1,Widget-A,360,300,0,Priya Sharma
2025-11-22,Morning,Line-1/Machine-M1,Widget-A,370,304,15,Amit Patel
2025-11-22,Morning,Line-1/Machine-M1,Component-X,270,229,0,Amit Patel
2025-11-22,Night,Line-2/Machine-M1,Component-X,460,390,10,Sneha Desai
2025-11-22,Morning,Line-1/Machine-M1,Widget-C,280,234,25,Priya Sharma
2025-11-23,Morning,Line-2/Machine-M2,Component-Y,410,345,0,Vikram Singh
2025-11-23,Afternoon,Line-1/Machine-M2,Component-Y,370,312,10,Sneha Desai
2025-11-23,Afternoon,Line-3/Machine-M1,Assembly-Z,210,175,15,Rajesh Kumar
2025-11-23,Afternoon,Line-1/Machine-M2,Widget-B,420,346,5,Sneha Desai
2025-11-23,Afternoon,Line-2/Machine-M2,Assembly-Z,150,126,0,Amit Patel
2025-11-23,Night,Line-3/Machine-M2,Widget-C,260,220,0,Priya Sharma
2025-11-24,Night,Line-2/Machine-M1,Component-X,460,400,0,Vikram Singh
2025-11-24,Afternoon,Line-1/Machine-M2,Widget-B,310,265,0,Sneha Desai
2025-11-24,Night,Line-3/Machine-M1,Component-X,270,227,5,Sneha Desai
2025-11-24,Night,Line-2/Machine-M1,Assembly-Z,170,142,5,Vikram Singh
2025-11-24,Night,Line-2/Machine-M1,Component-X,270,222,0,Vikram Singh
2025-11-24,Morning,Line-1/Machine-M1,Widget-A,360,305,5,Amit Patel
2025-11-25,Morning,Line-1/Machine-M2,Widget-C,290,245,30,Vikram Singh
2025-11-25,Night,Line-3/Machine-M2,Widget-C,260,225,0,Amit Patel
2025-11-25,Morning,Line-2/Machine-M2,Component-Y,410,350,0,Rajesh Kumar
2025-11-25,Afternoon,Line-3/Machine-M1,Assembly-Z,210,180,5,Priya Sharma
2025-11-25,Morning,Line-2/Machine-M2,Widget-A,340,291,0,Rajesh Kumar
2025-11-25,Morning,Line-2/Machine-M2,Component-Y,320,263,20,Rajesh Kumar
2025-11-26,Morning,Line-1/Machine-M1,Widget-A,380,320,10,Sneha Desai
2025-11-26,Afternoon,Line-1/Machine-M2,Widget-B,330,280,0,Vikram Singh
2025-11-26,Afternoon,Line-3/Machine-M1,Widget-B,430,367,10,Priya Sharma
2025-11-26,Afternoon,Line-3/Machine-M1,Assembly-Z,170,139,0,Priya Sharma
2025-11-26,Afternoon,Line-2/Machine-M1,Assembly-Z,160,134,2,Rajesh Kumar
2025-11-27,Night,Line-3/Machine-M2,Component-Y,290,244,0,Priya Sharma
2025-11-27,Night,Line-3/Machine-M2,Component-X,280,235,5,Amit Patel
2025-11-27,Night,Line-3/Machine-M2,Widget-C,470,386,0,Amit Patel
2025-11-28,Morning,Line-1/Machine-M1,Widget-C,300,251,35,Priya Sharma
2025-11-28,Morning,Line-1/Machine-M1,Widget-A,380,312,10,Sneha Desai
2025-11-28,Morning,Line-1/Machine-M1,Component-Y,380,320,0,Sneha Desai
2025-11-29,Afternoon,Line-2/Machine-M2,Assembly-Z,170,143,1,Amit Patel
2025-11-29,Afternoon,Line-1/Machine-M2,Widget-B,430,354,0,Vikram Singh
2025-11-29,Afternoon,Line-1/Machine-M2,Assembly-Z,180,151,15,Vikram Singh
2025-11-30,Night,Line-2/Machine-M1,Widget-A,350,299,5,Rajesh Kumar
2025-11-30,Night,Line-3/Machine-M1,Component-X,280,235,7,Sneha Desai
2025-11-30,Night,Line-2/Machine-M1,Component-X,280,230,0,Rajesh Kumar
2025-12-01,Morning,Line-2/Machine-M2,Widget-B,440,375,0,Priya Sharma
2025-12-01,Morning,Line-1/Machine-M2,Widget-A,340,288,24,Vikram Singh
2025-12-01,Morning,Line-2/Machine-M2,Component-Y,330,271,15,Priya Sharma
2025-12-02,Afternoon,Line-2/Machine-M1,Widget-B,440,370,14,Rajesh Kumar
2025-12-02,Afternoon,Line-3/Machine-M1,Component-X,290,242,10,Amit Patel
2025-12-02,Afternoon,Line-3/Machine-M1,Assembly-Z,180,148,0,Amit Patel
2025-12-03,Night,Line-3/Machine-M2,Component-Y,390,328,5,Sneha Desai
2025-12-03,Night,Line-3/Machine-M2,Component-Y,300,253,1,Priya Sharma
2025-12-03,Night,Line-3/Machine-M2,Widget-C,480,394,0,Sneha Desai
2025-12-04,Morning,Line-1/Machine-M1,Assembly-Z,190,159,0,Vikram Singh
2025-12-04,Morning,Line-1/Machine-M1,Widget-A,390,320,5,Vikram Singh
2025-12-04,Morning,Line-1/Machine-M1,Widget-A,350,292,26,Rajesh Kumar
2025-12-05,Afternoon,Line-1/Machine-M2,Widget-A,360,307,15,Rajesh Kumar
2025-12-05,Afternoon,Line-1/Machine-M2,Widget-B,440,362,0,Rajesh Kumar
2025-12-05,Afternoon,Line-2/Machine-M2,Widget-B,450,379,9,Priya Sharma
2025-12-06,Night,Line-2/Machine-M1,Component-X,290,238,0,Priya Sharma
2025-12-06,Night,Line-2/Machine-M1,Widget-B,450,384,5,Priya Sharma
2025-12-06,Night,Line-3/Machine-M1,Component-X,290,243,2,Amit Patel
2025-12-07,Morning,Line-2/Machine-M2,Component-Y,340,279,10,Amit Patel
2025-12-07,Morning,Line-2/Machine-M2,Component-X,300,250,0,Amit Patel
2025-12-07,Morning,Line-1/Machine-M2,Widget-A,360,304,28,Sneha Desai
2025-12-08,Afternoon,Line-3/Machine-M1,Component-Y,400,336,10,Sneha Desai
2025-12-08,Afternoon,Line-3/Machine-M1,Assembly-Z,190,156,0,Sneha Desai
2025-12-08,Afternoon,Line-2/Machine-M1,Widget-B,460,387,16,Vikram Singh
2025-12-09,Night,Line-3/Machine-M2,Assembly-Z,200,167,5,Vikram Singh
2025-12-09,Night,Line-3/Machine-M2,Component-Y,310,261,0,Rajesh Kumar
2025-12-09,Night,Line-3/Machine-M2,Widget-C,490,402,0,Vikram Singh
2025-12-10,Morning,Line-1/Machine-M1,Widget-A,370,316,0,Rajesh Kumar
2025-12-10,Morning,Line-1/Machine-M1,Widget-C,280,231,40,Priya Sharma
2025-12-10,Morning,Line-1/Machine-M1,Widget-A,400,328,0,Rajesh Kumar
2025-12-11,Afternoon,Line-1/Machine-M2,Widget-B,460,392,10,Priya Sharma
2025-12-11,Afternoon,Line-1/Machine-M2,Widget-B,450,370,0,Priya Sharma
2025-12-11,Afternoon,Line-2/Machine-M2,Assembly-Z,150,123,0,Amit Patel
2025-12-12,Night,Line-2/Machine-M1,Component-X,310,258,5,Amit Patel
2025-12-12,Night,Line-3/Machine-M1,Component-X,270,224,9,Sneha Desai
2025-12-12,Night,Line-2/Machine-M1,Component-X,300,246,5,Amit Patel
2025-12-13,Morning,Line-2/Machine-M2,Component-Y,350,287,10,Sneha Desai
2025-12-13,Morning,Line-2/Machine-M2,Component-Y,410,344,0,Sneha Desai
2025-12-13,Morning,Line-1/Machine-M2,Widget-C,290,240,45,Vikram Singh
2025-12-14,Afternoon,Line-3/Machine-M1,Assembly-Z,200,164,0,Vikram Singh
2025-12-14,Afternoon,Line-3/Machine-M1,Assembly-Z,210,176,15,Vikram Singh
2025-12-14,Afternoon,Line-2/Machine-M1,Assembly-Z,160,131,3,Rajesh Kumar
2025-12-15,Night,Line-3/Machine-M2,Widget-C,500,410,0,Rajesh Kumar
2025-12-15,Night,Line-3/Machine-M2,Widget-A,380,324,5,Rajesh Kumar
2025-12-15,Night,Line-3/Machine-M2,Component-Y,290,241,0,Priya Sharma
2025-12-16,Morning,Line-1/Machine-M1,Widget-A,100,82,0,Priya Sharma
2025-12-16,Morning,Line-1/Machine-M1,Widget-B,470,400,0,Priya Sharma
2025-12-16,Morning,Line-1/Machine-M1,Widget-C,300,248,50,Priya Sharma
2025-12-17,Afternoon,Line-1/Machine-M2,Component-X,320,266,10,Amit Patel
2025-12-17,Afternoon,Line-2/Machine-M2,Assembly-Z,170,140,2,Amit Patel
2025-12-17,Afternoon,Line-1/Machine-M2,Widget-B,150,123,0,Amit Patel
2025-12-18,Night,Line-2/Machine-M1,Component-Y,420,352,5,Sneha Desai
2025-12-18,Night,Line-3/Machine-M1,Component-X,280,232,11,Sneha Desai
2025-12-18,Night,Line-2/Machine-M1,Component-X,200,164,5,Sneha Desai
2025-12-19,Morning,Line-2/Machine-M2,Assembly-Z,220,184,0,Vikram Singh
2025-12-19,Morning,Line-1/Machine-M2,Widget-A,340,285,26,Vikram Singh
2025-12-19,Morning,Line-2/Machine-M2,Component-Y,250,205,10,Vikram Singh
2025-12-20,Afternoon,Line-3/Machine-M1,Assembly-Z,300,246,15,Rajesh Kumar
2025-12-20,Afternoon,Line-3/Machine-M1,Widget-A,390,332,15,Rajesh Kumar
2025-12-20,Afternoon,Line-2/Machine-M1,Widget-B,440,367,18,Rajesh Kumar
2025-12-21,Night,Line-3/Machine-M2,Widget-C,350,287,20,Priya Sharma
2025-12-21,Night,Line-3/Machine-M2,Widget-B,480,408,5,Priya Sharma
2025-12-21,Night,Line-3/Machine-M2,Component-Y,300,250,1,Priya Sharma
2025-12-22,Morning,Line-1/Machine-M1,Widget-A,350,289,28,Rajesh Kumar
2025-12-22,Morning,Line-1/Machine-M1,Widget-A,400,328,25,Amit Patel
2025-12-22,Morning,Line-1/Machine-M1,Component-X,330,275,0,Amit Patel
2025-12-23,Afternoon,Line-2/Machine-M2,Widget-B,450,376,11,Priya Sharma
2025-12-23,Afternoon,Line-1/Machine-M2,Widget-B,450,369,30,Sneha Desai
2025-12-23,Afternoon,Line-1/Machine-M2,Component-Y,430,360,10,Sneha Desai
2025-12-24,Night,Line-2/Machine-M1,Component-X,500,410,35,Vikram Singh
2025-12-24,Night,Line-2/Machine-M1,Assembly-Z,230,192,5,Vikram Singh
2025-12-24,Night,Line-3/Machine-M1,Component-X,290,240,3,Amit Patel
2025-12-25,Morning,Line-2/Machine-M2,Widget-A,390,333,20,Rajesh Kumar
2025-12-25,Morning,Line-1/Machine-M2,Widget-A,360,301,30,Sneha Desai
2025-12-25,Morning,Line-2/Machine-M2,Component-Y,100,82,40,Rajesh Kumar
2025-12-26,Afternoon,Line-2/Machine-M1,Widget-B,460,384,20,Vikram Singh
2025-12-26,Afternoon,Line-3/Machine-M1,Assembly-Z,150,123,45,Priya Sharma
2025-12-27,Night,Line-3/Machine-M2,Component-Y,310,258,0,Rajesh Kumar
2025-12-27,Night,Line-3/Machine-M2,Widget-C,200,164,50,Amit Patel
2025-12-28,Morning,Line-1/Machine-M1,Widget-C,280,228,55,Priya Sharma
2025-12-29,Afternoon,Line-2/Machine-M2,Assembly-Z,150,120,0,Amit Patel
2025-12-30,Night,Line-3/Machine-M1,Assembly-Z,250,210,5,Amit Patel
2025-12-30,Morning,Line-1/Machine-M1,Widget-A,400,335,25,Rajesh Kumar
2025-12-30,Afternoon,Line-2/Machine-M2,Component-X,350,298,15,Priya Sharma
2025-12-31,Morning,Line-1/Machine-M2,Widget-B,420,355,10,Sneha Desai
2025-12-31,Afternoon,Line-2/Machine-M1,Component-Y,380,320,20,Vikram Singh
2025-12-31,Night,Line-3/Machine-M2,Widget-C,280,235,5,Rajesh Kumar
2026-01-01,Morning,Line-1/Machine-M1,Widget-A,410,345,30,Priya Sharma
2026-01-01,Afternoon,Line-2/Machine-M2,Component-X,360,305,10,Amit Patel
2026-01-01,Night,Line-3/Machine-M1,Assembly-Z,260,220,0,Sneha Desai
2026-01-02,Morning,Line-1/Machine-M2,Widget-B,430,365,15,Vikram Singh
2026-01-03,Morning,Line-1/Machine-M1,Widget-A,350,275,15,Rajesh Kumar
2026-01-03,Morning,Line-1/Machine-M1,Widget-A,350,290,25,Rajesh Kumar
2026-01-03,Morning,Line-1/Machine-M1,Widget-A,350,275,30,Rajesh Kumar
2026-01-03,Morning,Line-1/Machine-M1,Widget-A,300,250,15,Rajesh Kumar
2026-01-04,Afternoon,Line-1/Machine-M2,Widget-B,400,335,5,Priya Sharma
2026-01-04,Afternoon,Line-1/Machine-M2,Widget-B,400,337,15,Priya Sharma
2026-01-04,Afternoon,Line-1/Machine-M2,Widget-B,400,345,15,Priya Sharma
2026-01-04,Afternoon,Line-2/Machine-M2,Widget-B,400,330,20,Priya Sharma
2026-01-05,Night,Line-2/Machine-M1,Component-X,200,168,0,Amit Patel
2026-01-05,Night,Line-2/Machine-M1,Component-X,250,200,45,Amit Patel
2026-01-05,Night,Line-3/Machine-M1,Component-X,250,200,10,Amit Patel
2026-01-05,Night,Line-2/Machine-M1,Component-X,250,208,5,Amit Patel
2026-01-06,Morning,Line-2/Machine-M2,Component-Y,300,250,0,Sneha Desai
2026-01-06,Morning,Line-2/Machine-M2,Component-Y,300,253,0,Sneha Desai
2026-01-06,Morning,Line-2/Machine-M2,Component-Y,250,210,10,Sneha Desai
2026-01-06,Morning,Line-1/Machine-M2,Widget-C,300,250,5,Sneha Desai
2026-01-07,Afternoon,Line-2/Machine-M1,Assembly-Z,450,365,25,Vikram Singh
2026-01-07,Afternoon,Line-3/Machine-M1,Assembly-Z,150,125,10,Vikram Singh
2026-01-07,Afternoon,Line-3/Machine-M1,Assembly-Z,150,125,20,Vikram Singh
2026-01-07,Afternoon,Line-3/Machine-M1,Assembly-Z,150,120,60,Vikram Singh
2026-01-08,Night,Line-3/Machine-M2,Widget-C,450,380,0,Rajesh Kumar
2026-01-08,Night,Line-3/Machine-M2,Widget-C,450,379,20,Rajesh Kumar
2026-01-08,Night,Line-3/Machine-M2,Widget-C,350,295,0,Rajesh Kumar
2026-01-08,Night,Line-3/Machine-M2,Component-Y,200,170,12,Rajesh Kumar
2026-01-09,Morning,Line-1/Machine-M1,Widget-A,350,280,18,Rajesh Kumar
2026-01-09,Morning,Line-1/Machine-M1,Widget-A,350,285,30,Priya Sharma
2026-01-09,Morning,Line-1/Machine-M1,Widget-A,320,268,5,Priya Sharma
2026-01-09,Morning,Line-1/Machine-M1,Widget-A,350,270,35,Priya Sharma
2026-01-10,Afternoon,Line-1/Machine-M2,Widget-B,400,338,10,Amit Patel
2026-01-10,Afternoon,Line-2/Machine-M2,Widget-B,400,335,15,Priya Sharma
2026-01-10,Afternoon,Line-1/Machine-M2,Widget-B,420,355,15,Amit Patel
2026-01-10,Afternoon,Line-1/Machine-M2,Widget-B,400,350,10,Amit Patel
2026-01-11,Night,Line-2/Machine-M1,Component-X,250,205,40,Sneha Desai
2026-01-11,Night,Line-2/Machine-M1,Component-X,250,209,0,Sneha Desai
2026-01-11,Night,Line-2/Machine-M1,Component-X,220,185,0,Sneha Desai
2026-01-11,Night,Line-3/Machine-M1,Component-X,250,205,8,Amit Patel
2026-01-12,Morning,Line-2/Machine-M2,Component-Y,300,254,5,Vikram Singh
2026-01-12,Morning,Line-1/Machine-M2,Widget-C,300,245,10,Sneha Desai
2026-01-12,Morning,Line-2/Machine-M2,Component-Y,300,255,5,Vikram Singh
2026-01-12,Morning,Line-2/Machine-M2,Component-Y,270,228,5,Vikram Singh
2026-01-13,Afternoon,Line-3/Machine-M1,Assembly-Z,150,125,55,Rajesh Kumar
2026-01-13,Afternoon,Line-3/Machine-M1,Assembly-Z,170,143,10,Rajesh Kumar
2026-01-13,Afternoon,Line-2/Machine-M1,Assembly-Z,450,370,22,Vikram Singh
2026-01-13,Afternoon,Line-3/Machine-M1,Assembly-Z,150,126,15,Rajesh Kumar
2026-01-14,Night,Line-3/Machine-M2,Widget-C,370,312,0,Priya Sharma
2026-01-14,Night,Line-3/Machine-M2,Widget-C,450,375,0,Priya Sharma
2026-01-14,Night,Line-3/Machine-M2,Widget-C,450,380,0,Priya Sharma
2026-01-14,Night,Line-3/Machine-M2,Component-Y,200,168,14,Rajesh Kumar
2026-01-15,Morning,Line-1/Machine-M1,Widget-A,350,270,20,Rajesh Kumar
2026-01-15,Morning,Line-1/Machine-M1,Widget-A,350,291,20,Amit Patel
2026-01-15,Morning,Line-1/Machine-M1,Widget-A,340,285,15,Amit Patel
2026-01-15,Morning,Line-1/Machine-M1,Widget-A,350,280,25,Amit Patel
2026-01-16,Afternoon,Line-1/Machine-M2,Widget-B,400,340,20,Sneha Desai
2026-01-16,Afternoon,Line-1/Machine-M2,Widget-B,400,339,5,Sneha Desai
2026-01-16,Afternoon,Line-2/Machine-M2,Widget-B,400,340,10,Priya Sharma
2026-01-16,Afternoon,Line-1/Machine-M2,Widget-B,440,370,5,Sneha Desai
2026-01-17,Night,Line-3/Machine-M1,Component-X,250,202,11,Amit Patel
2026-01-17,Night,Line-2/Machine-M1,Component-X,250,207,10,Vikram Singh
2026-01-17,Night,Line-2/Machine-M1,Component-X,240,202,0,Vikram Singh
2026-01-17,Night,Line-2/Machine-M1,Component-X,250,195,50,Vikram Singh
2026-01-18,Morning,Line-2/Machine-M2,Component-Y,300,252,15,Rajesh Kumar
2026-01-18,Morning,Line-2/Machine-M2,Component-Y,300,260,0,Rajesh Kumar
2026-01-18,Morning,Line-1/Machine-M2,Widget-C,300,255,7,Sneha Desai
2026-01-18,Morning,Line-2/Machine-M2,Component-Y,290,244,10,Rajesh Kumar
2026-01-19,Afternoon,Line-3/Machine-M1,Assembly-Z,190,160,20,Priya Sharma
2026-01-19,Afternoon,Line-2/Machine-M1,Assembly-Z,450,375,18,Vikram Singh
2026-01-19,Afternoon,Line-3/Machine-M1,Assembly-Z,150,115,65,Priya Sharma
2026-01-19,Afternoon,Line-3/Machine-M1,Assembly-Z,150,124,20,Priya Sharma
2026-01-20,Night,Line-3/Machine-M2,Widget-C,450,385,0,Amit Patel
2026-01-20,Night,Line-3/Machine-M2,Component-Y,200,172,9,Rajesh Kumar
2026-01-20,Night,Line-3/Machine-M2,Widget-C,390,328,0,Amit Patel
2026-01-20,Night,Line-3/Machine-M2,Widget-C,450,381,0,Amit Patel
2026-01-21,Morning,Line-1/Machine-M1,Widget-A,350,265,40,Sneha Desai
2026-01-21,Morning,Line-1/Machine-M1,Widget-A,350,285,12,Rajesh Kumar
2026-01-21,Morning,Line-1/Machine-M1,Widget-A,350,289,5,Sneha Desai
2026-01-21,Morning,Line-1/Machine-M1,Widget-A,360,302,5,Sneha Desai
2026-01-22,Afternoon,Line-2/Machine-M2,Widget-B,400,325,25,Priya Sharma
2026-01-22,Afternoon,Line-1/Machine-M2,Widget-B,400,335,25,Vikram Singh
2026-01-22,Afternoon,Line-1/Machine-M2,Widget-B,400,340,10,Vikram Singh
2026-01-22,Afternoon,Line-1/Machine-M2,Widget-B,460,387,15,Vikram Singh
2026-01-23,Night,Line-2/Machine-M1,Component-X,260,218,0,Rajesh Kumar
2026-01-23,Night,Line-3/Machine-M1,Component-X,250,198,15,Amit Patel
2026-01-23,Night,Line-2/Machine-M1,Component-X,250,210,0,Rajesh Kumar
2026-01-23,Night,Line-2/Machine-M1,Component-X,250,190,55,Rajesh Kumar
2026-01-24,Morning,Line-2/Machine-M2,Component-Y,310,261,5,Priya Sharma
2026-01-24,Morning,Line-1/Machine-M2,Widget-C,300,260,8,Sneha Desai
2026-01-24,Morning,Line-2/Machine-M2,Component-Y,300,255,5,Priya Sharma
2026-01-24,Morning,Line-2/Machine-M2,Component-Y,300,270,0,Priya Sharma
2026-01-25,Afternoon,Line-2/Machine-M1,Assembly-Z,450,360,30,Vikram Singh
2026-01-25,Afternoon,Line-3/Machine-M1,Assembly-Z,210,176,10,Amit Patel
2026-01-25,Afternoon,Line-3/Machine-M1,Assembly-Z,150,130,45,Amit Patel
2026-01-25,Afternoon,Line-3/Machine-M1,Assembly-Z,150,123,25,Amit Patel
2026-01-26,Night,Line-3/Machine-M2,Widget-C,450,378,15,Sneha Desai
2026-01-26,Night,Line-3/Machine-M2,Widget-C,410,345,0,Sneha Desai
2026-01-26,Night,Line-3/Machine-M2,Widget-C,450,380,5,Sneha Desai
2026-01-26,Night,Line-3/Machine-M2,Component-Y,200,175,7,Rajesh Kumar
2026-01-27,Morning,Line-1/Machine-M1,Widget-A,350,278,32,Vikram Singh
2026-01-27,Morning,Line-1/Machine-M1,Widget-A,350,287,10,Vikram Singh
2026-01-27,Morning,Line-1/Machine-M1,Widget-A,380,319,15,Vikram Singh
2026-01-27,Morning,Line-1/Machine-M1,Widget-A,350,278,17,Rajesh Kumar
2026-01-28,Afternoon,Line-1/Machine-M2,Widget-B,400,336,20,Rajesh Kumar
2026-01-28,Afternoon,Line-1/Machine-M2,Widget-B,480,403,5,Rajesh Kumar
2026-01-28,Afternoon,Line-1/Machine-M2,Widget-B,400,352,8,Rajesh Kumar
2026-01-28,Afternoon,Line-2/Machine-M2,Widget-B,400,332,18,Priya Sharma
2026-01-29,Night,Line-2/Machine-M1,Component-X,250,206,5,Priya Sharma
2026-01-29,Night,Line-2/Machine-M1,Component-X,280,235,0,Priya Sharma
2026-01-29,Night,Line-2/Machine-M1,Component-X,250,198,47,Priya Sharma
2026-01-29,Night,Line-3/Machine-M1,Component-X,250,208,6,Amit Patel
2026-01-30,Morning,Line-2/Machine-M2,Component-Y,300,251,0,Amit Patel
2026-01-30,Morning,Line-2/Machine-M2,Component-Y,330,277,10,Amit Patel
2026-01-30,Morning,Line-1/Machine-M2,Widget-C,300,248,13,Sneha Desai
2026-01-30,Morning,Line-2/Machine-M2,Component-Y,300,262,3,Amit Patel
2026-01-31,Afternoon,Line-3/Machine-M1,Assembly-Z,150,122,58,Sneha Desai
2026-01-31,Afternoon,Line-3/Machine-M1,Assembly-Z,150,122,30,Sneha Desai
2026-01-31,Afternoon,Line-3/Machine-M1,Assembly-Z,230,193,20,Sneha Desai
2026-01-31,Afternoon,Line-2/Machine-M1,Assembly-Z,450,368,27,Vikram Singh
2026-02-01,Night,Line-3/Machine-M2,Component-Y,200,165,16,Rajesh Kumar
2026-02-01,Night,Line-3/Machine-M2,Widget-C,430,361,0,Vikram Singh
2026-02-01,Night,Line-3/Machine-M2,Widget-C,450,382,0,Vikram Singh
2026-02-01,Night,Line-3/Machine-M2,Widget-C,450,377,10,Vikram Singh
2026-02-02,Morning,Line-1/Machine-M1,Widget-A,400,336,5,Rajesh Kumar
2026-02-02,Morning,Line-1/Machine-M1,Widget-A,350,277,33,Rajesh Kumar
2026-02-02,Morning,Line-1/Machine-M1,Widget-A,350,286,15,Rajesh Kumar
2026-02-02,Morning,Line-1/Machine-M1,Widget-A,350,290,10,Rajesh Kumar
2026-02-03,Afternoon,Line-2/Machine-M2,Widget-B,400,338,12,Priya Sharma
2026-02-03,Afternoon,Line-1/Machine-M2,Widget-B,400,335,0,Priya Sharma
2026-02-03,Afternoon,Line-1/Machine-M2,Widget-B,500,420,15,Priya Sharma
2026-02-03,Afternoon,Line-1/Machine-M2,Widget-B,400,355,5,Priya Sharma
2026-02-04,Night,Line-2/Machine-M1,Component-X,250,203,42,Amit Patel
2026-02-04,Night,Line-3/Machine-M1,Component-X,250,203,9,Amit Patel
2026-02-04,Night,Line-2/Machine-M1,Component-X,250,205,5,Amit Patel
2026-02-04,Night,Line-2/Machine-M1,Component-X,300,252,0,Amit Patel
2026-02-05,Morning,Line-2/Machine-M2,Component-Y,300,250,10,Sneha Desai
2026-02-05,Morning,Line-1/Machine-M2,Widget-C,300,252,11,Sneha Desai
2026-02-05,Morning,Line-2/Machine-M2,Component-Y,350,294,5,Sneha Desai
2026-02-05,Morning,Line-2/Machine-M2,Component-Y,300,258,2,Sneha Desai
2026-02-06,Afternoon,Line-3/Machine-M1,Assembly-Z,150,121,20,Vikram Singh
2026-02-06,Afternoon,Line-3/Machine-M1,Assembly-Z,150,118,62,Vikram Singh
2026-02-06,Afternoon,Line-2/Machine-M1,Assembly-Z,450,372,20,Vikram Singh
2026-02-06,Afternoon,Line-3/Machine-M1,Assembly-Z,250,210,10,Vikram Singh
2026-02-07,Night,Line-3/Machine-M2,Widget-C,450,388,0,Rajesh Kumar
2026-02-07,Night,Line-3/Machine-M2,Widget-C,450,376,0,Rajesh Kumar
2026-02-07,Night,Line-3/Machine-M2,Widget-C,450,378,0,Rajesh Kumar
2026-02-07,Night,Line-3/Machine-M2,Component-Y,200,177,5,Rajesh Kumar
2026-02-08,Morning,Line-1/Machine-M1,Widget-A,420,353,15,Priya Sharma
2026-02-08,Morning,Line-1/Machine-M1,Widget-A,350,272,38,Priya Sharma
2026-02-08,Morning,Line-1/Machine-M1,Widget-A,350,284,5,Priya Sharma
2026-02-08,Morning,Line-1/Machine-M1,Widget-A,350,282,14,Rajesh Kumar
2026-02-09,Afternoon,Line-1/Machine-M2,Widget-B,400,348,12,Amit Patel
2026-02-09,Afternoon,Line-1/Machine-M2,Widget-B,400,334,10,Amit Patel
2026-02-09,Afternoon,Line-2/Machine-M2,Widget-B,400,336,14,Priya Sharma
2026-02-09,Afternoon,Line-1/Machine-M2,Widget-B,520,437,5,Amit Patel
2026-02-10,Night,Line-2/Machine-M1,Component-X,250,207,38,Sneha Desai
2026-02-10,Night,Line-2/Machine-M1,Component-X,320,269,0,Sneha Desai
2026-02-10,Night,Line-2/Machine-M1,Component-X,250,204,0,Sneha Desai
2026-02-10,Night,Line-3/Machine-M1,Component-X,250,207,7,Amit Patel
2026-02-11,Morning,Line-1/Machine-M2,Widget-C,300,258,9,Sneha Desai
2026-02-11,Morning,Line-2/Machine-M2,Component-Y,300,257,8,Vikram Singh
2026-02-11,Morning,Line-2/Machine-M2,Component-Y,370,311,10,Vikram Singh
2026-02-11,Morning,Line-2/Machine-M2,Component-Y,300,249,5,Vikram Singh
2026-02-12,Afternoon,Line-2/Machine-M1,Assembly-Z,450,378,15,Vikram Singh
2026-02-12,Afternoon,Line-3/Machine-M1,Assembly-Z,270,227,20,Rajesh Kumar
2026-02-12,Afternoon,Line-3/Machine-M1,Assembly-Z,150,120,15,Rajesh Kumar
2026-02-12,Afternoon,Line-3/Machine-M1,Assembly-Z,150,112,68,Rajesh Kumar
2026-02-13,Night,Line-3/Machine-M2,Widget-C,470,395,0,Priya Sharma
2026-02-13,Night,Line-3/Machine-M2,Widget-C,450,378,2,Priya Sharma
2026-02-13,Night,Line-3/Machine-M2,Widget-C,450,375,0,Priya Sharma
2026-02-13,Night,Line-3/Machine-M2,Component-Y,200,169,13,Rajesh Kumar
2026-02-14,Morning,Line-1/Machine-M1,Widget-A,350,283,27,Amit Patel
2026-02-14,Morning,Line-1/Machine-M1,Widget-A,440,369,5,Amit Patel
2026-02-14,Morning,Line-1/Machine-M1,Widget-A,350,283,5,Amit Patel
2026-02-14,Morning,Line-1/Machine-M1,Widget-A,350,288,11,Rajesh Kumar
2026-02-15,Afternoon,Line-1/Machine-M2,Widget-B,400,343,17,Sneha Desai
2026-02-15,Afternoon,Line-1/Machine-M2,Widget-B,350,295,10,Sneha Desai
2026-02-15,Afternoon,Line-1/Machine-M2,Widget-B,400,333,10,Sneha Desai
2026-02-15,Afternoon,Line-2/Machine-M2,Widget-B,400,342,8,Priya Sharma
2026-02-16,Night,Line-2/Machine-M1,Component-X,250,193,52,Vikram Singh
2026-02-16,Night,Line-2/Machine-M1,Component-X,250,203,0,Vikram Singh
2026-02-16,Night,Line-3/Machine-M1,Component-X,250,201,12,Amit Patel
2026-02-16,Night,Line-2/Machine-M1,Component-X,120,100,5,Vikram Singh
2026-02-17,Morning,Line-2/Machine-M2,Component-Y,375,315,5,Rajesh Kumar
2026-02-17,Morning,Line-2/Machine-M2,Component-Y,300,265,0,Rajesh Kumar
2026-02-17,Morning,Line-2/Machine-M2,Component-Y,300,248,5,Rajesh Kumar
2026-02-17,Morning,Line-1/Machine-M2,Widget-C,300,251,10,Sneha Desai
2026-02-18,Afternoon,Line-2/Machine-M1,Assembly-Z,450,374,19,Vikram Singh
2026-02-18,Afternoon,Line-3/Machine-M1,Assembly-Z,150,127,53,Priya Sharma
2026-02-18,Afternoon,Line-3/Machine-M1,Assembly-Z,275,230,15,Priya Sharma
2026-02-19,Night,Line-3/Machine-M2,Widget-C,450,377,3,Amit Patel
2026-02-19,Night,Line-3/Machine-M2,Component-Y,200,174,8,Rajesh Kumar
2026-02-19,Night,Line-3/Machine-M2,Widget-C,475,400,0,Amit Patel
2026-02-20,Morning,Line-1/Machine-M1,Widget-A,350,272,25,Rajesh Kumar
2026-02-21,Morning,Line-1/Machine-M1,Widget-A,350,250,35,Rajesh Kumar
2026-02-21,Morning,Line-1/Machine-M1,Widget-A,250,185,30,Rajesh Kumar
2026-02-21,Morning,Line-1/Machine-M1,Widget-A,300,225,15,Rajesh Kumar
2026-02-21,Morning,Line-1/Machine-M1,Widget-A,350,298,15,Rajesh Kumar
2026-02-22,Afternoon,Line-2/Machine-M2,Widget-B,300,232,15,Priya Sharma
2026-02-22,Afternoon,Line-2/Machine-M2,Component-X,400,335,8,Priya Sharma
2026-02-22,Afternoon,Line-1/Machine-M2,Widget-B,400,290,20,Priya Sharma
2026-02-22,Afternoon,Line-2/Machine-M2,Widget-B,400,308,10,Priya Sharma
2026-02-23,Night,Line-3/Machine-M1,Component-X,400,300,0,Amit Patel
2026-02-23,Night,Line-3/Machine-M1,Assembly-Z,250,210,22,Amit Patel
2026-02-23,Night,Line-3/Machine-M1,Component-X,250,190,5,Amit Patel
2026-02-23,Night,Line-2/Machine-M1,Component-X,200,150,15,Amit Patel
2026-02-24,Morning,Line-1/Machine-M2,Widget-B,300,255,5,Sneha Desai
2026-02-24,Morning,Line-1/Machine-M2,Component-Y,200,154,5,Sneha Desai
2026-02-24,Morning,Line-1/Machine-M2,Widget-A,320,247,8,Sneha Desai
2026-02-24,Morning,Line-2/Machine-M2,Component-Y,250,180,10,Sneha Desai
2026-02-25,Afternoon,Line-3/Machine-M1,Assembly-Z,150,110,5,Vikram Singh
2026-02-25,Afternoon,Line-2/Machine-M1,Widget-B,380,292,12,Vikram Singh
2026-02-25,Afternoon,Line-2/Machine-M1,Assembly-Z,150,112,0,Vikram Singh
2026-02-25,Afternoon,Line-2/Machine-M1,Component-Y,450,380,12,Vikram Singh
2026-02-26,Night,Line-3/Machine-M2,Widget-C,300,220,0,Rajesh Kumar
2026-02-26,Night,Line-3/Machine-M2,Component-Y,270,209,7,Rajesh Kumar
2026-02-26,Night,Line-3/Machine-M2,Widget-A,350,271,0,Rajesh Kumar
2026-02-26,Night,Line-3/Machine-M2,Widget-C,200,170,18,Rajesh Kumar
2026-02-27,Morning,Line-1/Machine-M1,Widget-B,280,210,20,Priya Sharma
2026-02-27,Morning,Line-1/Machine-M1,Widget-A,310,232,6,Priya Sharma
2026-02-27,Morning,Line-1/Machine-M1,Widget-A,350,260,40,Rajesh Kumar
2026-02-27,Morning,Line-1/Machine-M1,Widget-A,350,295,10,Rajesh Kumar
2026-02-28,Afternoon,Line-1/Machine-M2,Widget-B,400,285,25,Priya Sharma
2026-02-28,Afternoon,Line-2/Machine-M2,Widget-C,420,325,9,Amit Patel
2026-02-28,Afternoon,Line-2/Machine-M2,Component-X,400,340,7,Priya Sharma
2026-02-28,Afternoon,Line-2/Machine-M2,Component-X,320,247,5,Amit Patel
2026-03-01,Night,Line-2/Machine-M1,Component-X,200,145,18,Amit Patel
2026-03-01,Night,Line-3/Machine-M1,Component-Y,180,135,0,Sneha Desai
2026-03-01,Night,Line-3/Machine-M1,Assembly-Z,250,215,20,Amit Patel
2026-03-01,Night,Line-3/Machine-M1,Component-X,260,197,11,Sneha Desai
2026-03-02,Morning,Line-1/Machine-M2,Assembly-Z,160,123,0,Vikram Singh
2026-03-02,Morning,Line-2/Machine-M2,Component-Y,250,190,12,Sneha Desai
2026-03-02,Morning,Line-1/Machine-M2,Widget-B,300,250,6,Sneha Desai
2026-03-02,Morning,Line-1/Machine-M2,Widget-A,330,255,5,Vikram Singh
2026-03-03,Afternoon,Line-2/Machine-M1,Widget-A,260,195,25,Rajesh Kumar
2026-03-03,Afternoon,Line-3/Machine-M1,Assembly-Z,150,115,8,Vikram Singh
2026-03-03,Afternoon,Line-2/Machine-M1,Widget-B,390,299,8,Rajesh Kumar
2026-03-03,Afternoon,Line-2/Machine-M1,Component-Y,450,385,10,Vikram Singh
2026-03-04,Night,Line-3/Machine-M2,Widget-B,310,239,10,Priya Sharma
2026-03-04,Night,Line-3/Machine-M2,Component-Y,280,216,6,Priya Sharma
2026-03-04,Night,Line-3/Machine-M2,Widget-C,200,175,15,Rajesh Kumar
2026-03-04,Night,Line-3/Machine-M2,Widget-C,300,225,0,Rajesh Kumar
2026-03-05,Morning,Line-1/Machine-M1,Widget-A,350,290,12,Rajesh Kumar
2026-03-05,Morning,Line-1/Machine-M1,Widget-A,350,270,30,Rajesh Kumar
2026-03-05,Morning,Line-1/Machine-M1,Widget-A,320,240,10,Amit Patel
2026-03-05,Morning,Line-1/Machine-M1,Component-X,390,292,0,Amit Patel
2026-03-06,Afternoon,Line-2/Machine-M2,Component-X,400,330,9,Priya Sharma
2026-03-06,Afternoon,Line-1/Machine-M2,Widget-B,400,295,15,Priya Sharma
2026-03-06,Afternoon,Line-2/Machine-M2,Component-Y,190,147,0,Sneha Desai
2026-03-06,Afternoon,Line-2/Machine-M2,Widget-C,430,333,7,Sneha Desai
2026-03-07,Night,Line-3/Machine-M1,Assembly-Z,250,205,25,Amit Patel
2026-03-07,Night,Line-2/Machine-M1,Component-X,200,155,10,Amit Patel
2026-03-07,Night,Line-3/Machine-M1,Assembly-Z,140,105,0,Vikram Singh
2026-03-07,Night,Line-3/Machine-M1,Component-X,270,204,9,Vikram Singh
2026-03-08,Morning,Line-2/Machine-M2,Component-Y,250,200,8,Sneha Desai
2026-03-08,Morning,Line-1/Machine-M2,Widget-B,300,245,8,Sneha Desai
2026-03-08,Morning,Line-1/Machine-M2,Assembly-Z,150,116,5,Rajesh Kumar
2026-03-08,Morning,Line-1/Machine-M2,Widget-A,270,209,15,Rajesh Kumar
2026-03-09,Afternoon,Line-2/Machine-M1,Assembly-Z,160,122,8,Priya Sharma
2026-03-09,Afternoon,Line-2/Machine-M1,Component-Y,450,375,15,Vikram Singh
2026-03-09,Afternoon,Line-2/Machine-M1,Widget-B,330,248,5,Priya Sharma
2026-03-09,Afternoon,Line-3/Machine-M1,Assembly-Z,150,120,5,Vikram Singh
2026-03-10,Night,Line-3/Machine-M2,Widget-C,300,230,0,Rajesh Kumar
2026-03-10,Night,Line-3/Machine-M2,Component-X,410,317,0,Amit Patel
2026-03-10,Night,Line-3/Machine-M2,Widget-C,200,165,20,Rajesh Kumar
2026-03-10,Night,Line-3/Machine-M2,Component-Y,290,224,6,Amit Patel
2026-03-11,Morning,Line-1/Machine-M1,Widget-A,330,248,12,Sneha Desai
2026-03-11,Morning,Line-1/Machine-M1,Component-Y,210,157,0,Sneha Desai
2026-03-11,Morning,Line-1/Machine-M1,Widget-A,350,285,18,Rajesh Kumar
2026-03-11,Morning,Line-1/Machine-M1,Widget-A,350,265,38,Rajesh Kumar
2026-03-12,Afternoon,Line-1/Machine-M2,Widget-B,400,292,22,Priya Sharma
2026-03-12,Afternoon,Line-2/Machine-M2,Assembly-Z,170,131,0,Vikram Singh
2026-03-12,Afternoon,Line-2/Machine-M2,Component-X,400,325,11,Priya Sharma
2026-03-12,Afternoon,Line-2/Machine-M2,Widget-C,440,341,9,Vikram Singh
2026-03-13,Night,Line-3/Machine-M1,Component-X,280,211,7,Rajesh Kumar
2026-03-13,Night,Line-3/Machine-M1,Widget-A,290,217,20,Rajesh Kumar
2026-03-13,Night,Line-2/Machine-M1,Component-X,200,152,16,Amit Patel
2026-03-13,Night,Line-3/Machine-M1,Assembly-Z,250,200,30,Amit Patel
2026-03-14,Morning,Line-1/Machine-M2,Widget-B,300,240,10,Sneha Desai
2026-03-14,Morning,Line-1/Machine-M2,Assembly-Z,170,131,10,Priya Sharma
2026-03-14,Morning,Line-2/Machine-M2,Component-Y,250,185,11,Sneha Desai
2026-03-14,Morning,Line-1/Machine-M2,Widget-B,340,263,5,Priya Sharma
2026-03-15,Afternoon,Line-2/Machine-M1,Component-Y,450,370,20,Vikram Singh
2026-03-15,Afternoon,Line-3/Machine-M1,Assembly-Z,150,112,7,Vikram Singh
2026-03-15,Afternoon,Line-2/Machine-M1,Assembly-Z,180,138,6,Amit Patel
2026-03-15,Afternoon,Line-2/Machine-M1,Component-X,420,315,0,Amit Patel
2026-03-16,Night,Line-3/Machine-M2,Widget-C,200,160,25,Rajesh Kumar
2026-03-16,Night,Line-3/Machine-M2,Widget-C,300,228,0,Rajesh Kumar
2026-03-16,Night,Line-3/Machine-M2,Component-Y,300,232,8,Sneha Desai
2026-03-16,Night,Line-3/Machine-M2,Component-Y,220,170,0,Sneha Desai
2026-03-17,Morning,Line-1/Machine-M1,Assembly-Z,130,97,0,Vikram Singh
2026-03-17,Morning,Line-1/Machine-M1,Widget-A,350,280,20,Rajesh Kumar
2026-03-17,Morning,Line-1/Machine-M1,Widget-A,350,255,42,Rajesh Kumar
2026-03-17,Morning,Line-1/Machine-M1,Widget-A,340,255,5,Vikram Singh
2026-03-18,Afternoon,Line-2/Machine-M2,Widget-C,450,349,7,Rajesh Kumar
2026-03-18,Afternoon,Line-2/Machine-M2,Widget-A,240,186,30,Rajesh Kumar
2026-03-18,Afternoon,Line-1/Machine-M2,Widget-B,400,288,23,Priya Sharma
2026-03-18,Afternoon,Line-2/Machine-M2,Component-X,400,320,14,Priya Sharma
2026-03-19,Night,Line-3/Machine-M1,Widget-B,300,225,10,Priya Sharma
2026-03-19,Night,Line-3/Machine-M1,Component-X,290,219,10,Priya Sharma
2026-03-19,Night,Line-3/Machine-M1,Assembly-Z,250,195,35,Amit Patel
2026-03-19,Night,Line-2/Machine-M1,Component-X,200,148,17,Amit Patel
2026-03-20,Morning,Line-2/Machine-M2,Component-Y,250,195,13,Sneha Desai
2026-03-20,Morning,Line-1/Machine-M2,Component-X,400,309,0,Amit Patel
2026-03-20,Morning,Line-1/Machine-M2,Assembly-Z,190,147,6,Amit Patel
2026-03-20,Morning,Line-1/Machine-M2,Widget-B,300,235,12,Sneha Desai
2026-03-21,Afternoon,Line-3/Machine-M1,Assembly-Z,150,118,9,Vikram Singh
2026-03-21,Afternoon,Line-2/Machine-M1,Assembly-Z,200,154,9,Sneha Desai
2026-03-21,Afternoon,Line-2/Machine-M1,Component-Y,450,365,25,Vikram Singh
2026-03-21,Afternoon,Line-2/Machine-M1,Component-Y,200,150,0,Sneha Desai
2026-03-22,Night,Line-3/Machine-M2,Component-Y,310,240,7,Vikram Singh
2026-03-22,Night,Line-3/Machine-M2,Widget-C,200,155,30,Rajesh Kumar
2026-03-22,Night,Line-3/Machine-M2,Widget-C,300,222,1,Rajesh Kumar
2026-03-22,Night,Line-3/Machine-M2,Assembly-Z,150,116,0,Vikram Singh
2026-03-23,Morning,Line-1/Machine-M1,Widget-A,350,263,8,Rajesh Kumar
2026-03-23,Morning,Line-1/Machine-M1,Widget-A,350,262,36,Rajesh Kumar
2026-03-23,Morning,Line-1/Machine-M1,Widget-A,260,195,25,Rajesh Kumar
2026-03-23,Morning,Line-1/Machine-M1,Widget-A,350,275,22,Rajesh Kumar
2026-03-24,Afternoon,Line-1/Machine-M2,Widget-B,400,298,19,Priya Sharma
2026-03-24,Afternoon,Line-2/Machine-M2,Widget-B,310,239,5,Priya Sharma
2026-03-24,Afternoon,Line-2/Machine-M2,Widget-C,460,356,5,Priya Sharma
2026-03-24,Afternoon,Line-2/Machine-M2,Component-X,400,315,16,Priya Sharma
2026-03-25,Night,Line-2/Machine-M1,Component-X,200,158,13,Amit Patel
2026-03-25,Night,Line-3/Machine-M1,Component-X,390,292,0,Amit Patel
2026-03-25,Night,Line-3/Machine-M1,Assembly-Z,250,190,40,Amit Patel
2026-03-25,Night,Line-3/Machine-M1,Component-X,300,226,11,Amit Patel
2026-03-26,Morning,Line-1/Machine-M2,Widget-B,300,230,14,Sneha Desai
2026-03-26,Morning,Line-1/Machine-M2,Component-Y,190,147,0,Sneha Desai
2026-03-26,Morning,Line-1/Machine-M2,Assembly-Z,210,162,7,Sneha Desai
2026-03-26,Morning,Line-2/Machine-M2,Component-Y,250,205,9,Sneha Desai
2026-03-27,Afternoon,Line-2/Machine-M1,Assembly-Z,140,105,0,Vikram Singh
2026-03-27,Afternoon,Line-2/Machine-M1,Component-Y,450,360,30,Vikram Singh
2026-03-27,Afternoon,Line-3/Machine-M1,Assembly-Z,150,123,6,Vikram Singh
2026-03-27,Afternoon,Line-2/Machine-M1,Assembly-Z,220,170,8,Vikram Singh
2026-03-28,Night,Line-3/Machine-M2,Component-Y,320,248,6,Rajesh Kumar
2026-03-28,Night,Line-3/Machine-M2,Widget-A,270,209,15,Rajesh Kumar
2026-03-28,Night,Line-3/Machine-M2,Widget-C,200,150,35,Rajesh Kumar
2026-03-28,Night,Line-3/Machine-M2,Widget-C,300,235,0,Rajesh Kumar
2026-03-29,Morning,Line-1/Machine-M1,Widget-B,330,248,5,Priya Sharma
2026-03-29,Morning,Line-1/Machine-M1,Widget-A,350,258,41,Rajesh Kumar
2026-03-29,Morning,Line-1/Machine-M1,Widget-A,350,270,25,Rajesh Kumar
2026-03-29,Morning,Line-1/Machine-M1,Widget-A,360,271,9,Priya Sharma
2026-03-30,Afternoon,Line-2/Machine-M2,Widget-C,470,364,7,Amit Patel
2026-03-30,Afternoon,Line-2/Machine-M2,Component-X,410,317,0,Amit Patel
2026-03-30,Afternoon,Line-1/Machine-M2,Widget-B,400,291,21,Priya Sharma
2026-03-30,Afternoon,Line-2/Machine-M2,Component-X,400,310,18,Priya Sharma
2026-03-31,Night,Line-3/Machine-M1,Component-Y,210,157,0,Sneha Desai
2026-03-31,Night,Line-2/Machine-M1,Component-X,200,149,15,Amit Patel
2026-03-31,Night,Line-3/Machine-M1,Component-X,310,233,5,Sneha Desai
2026-03-31,Night,Line-3/Machine-M1,Assembly-Z,250,185,45,Amit Patel
2026-04-01,Morning,Line-2/Machine-M2,Component-Y,250,192,10,Sneha Desai
2026-04-01,Morning,Line-1/Machine-M2,Assembly-Z,170,131,0,Vikram Singh
2026-04-01,Morning,Line-1/Machine-M2,Assembly-Z,230,178,12,Vikram Singh
2026-04-01,Morning,Line-1/Machine-M2,Widget-B,300,225,16,Sneha Desai
2026-04-02,Afternoon,Line-2/Machine-M1,Component-Y,450,355,35,Vikram Singh
2026-04-02,Afternoon,Line-2/Machine-M1,Assembly-Z,240,185,10,Rajesh Kumar
2026-04-02,Afternoon,Line-2/Machine-M1,Widget-A,290,217,10,Rajesh Kumar
2026-04-02,Afternoon,Line-3/Machine-M1,Assembly-Z,150,116,8,Vikram Singh
2026-04-03,Night,Line-3/Machine-M2,Widget-C,200,145,40,Rajesh Kumar
2026-04-03,Night,Line-3/Machine-M2,Component-Y,330,255,8,Priya Sharma
2026-04-03,Night,Line-3/Machine-M2,Widget-B,340,263,0,Priya Sharma
2026-04-03,Night,Line-3/Machine-M2,Widget-C,300,232,0,Rajesh Kumar
2026-04-04,Morning,Line-1/Machine-M1,Component-X,420,315,0,Amit Patel
2026-04-04,Morning,Line-1/Machine-M1,Widget-A,350,268,33,Rajesh Kumar
2026-04-04,Morning,Line-1/Machine-M1,Widget-A,370,278,6,Amit Patel
2026-04-04,Morning,Line-1/Machine-M1,Widget-A,350,265,28,Rajesh Kumar
2026-04-05,Afternoon,Line-1/Machine-M2,Widget-B,400,297,17,Priya Sharma
2026-04-05,Afternoon,Line-2/Machine-M2,Component-Y,220,170,0,Sneha Desai
2026-04-05,Afternoon,Line-2/Machine-M2,Widget-C,480,372,9,Sneha Desai
2026-04-05,Afternoon,Line-2/Machine-M2,Component-X,400,305,20,Priya Sharma
2026-04-06,Night,Line-2/Machine-M1,Component-X,200,156,12,Amit Patel
2026-04-06,Night,Line-3/Machine-M1,Assembly-Z,130,97,0,Vikram Singh
2026-04-06,Night,Line-3/Machine-M1,Assembly-Z,250,180,50,Amit Patel
2026-04-06,Night,Line-3/Machine-M1,Component-X,320,241,7,Vikram Singh
2026-04-07,Morning,Line-1/Machine-M2,Widget-A,240,186,10,Rajesh Kumar
2026-04-07,Morning,Line-1/Machine-M2,Widget-B,300,220,18,Sneha Desai
2026-04-07,Morning,Line-2/Machine-M2,Component-Y,250,202,7,Sneha Desai
2026-04-07,Morning,Line-1/Machine-M2,Assembly-Z,250,193,5,Rajesh Kumar
2026-04-08,Afternoon,Line-2/Machine-M1,Widget-B,300,225,0,Priya Sharma
2026-04-08,Afternoon,Line-2/Machine-M1,Assembly-Z,260,200,8,Priya Sharma
2026-04-08,Afternoon,Line-2/Machine-M1,Component-Y,450,350,40,Vikram Singh
2026-04-08,Afternoon,Line-3/Machine-M1,Assembly-Z,150,121,4,Vikram Singh
2026-04-09,Night,Line-3/Machine-M2,Component-Y,340,263,6,Amit Patel
2026-04-09,Night,Line-3/Machine-M2,Widget-C,200,140,45,Rajesh Kumar
2026-04-09,Night,Line-3/Machine-M2,Widget-C,300,233,0,Rajesh Kumar
2026-04-09,Night,Line-3/Machine-M2,Component-X,400,309,0,Amit Patel
2026-04-10,Morning,Line-1/Machine-M1,Widget-A,380,286,10,Sneha Desai
2026-04-10,Morning,Line-1/Machine-M1,Widget-A,350,261,39,Rajesh Kumar
2026-04-10,Morning,Line-1/Machine-M1,Component-Y,200,150,0,Sneha Desai
2026-04-11,Morning,Line-1/Machine-M1,Widget-A,300,250,25,Rajesh Kumar
2026-04-12,Afternoon,Line-2/Machine-M2,Component-X,400,350,10,Priya Sharma
2026-04-13,Night,Line-3/Machine-M1,Assembly-Z,200,175,5,Amit Patel
2026-04-14,Morning,Line-1/Machine-M2,Widget-B,350,300,15,Sneha Desai
2026-04-15,Afternoon,Line-2/Machine-M1,Component-Y,450,380,20,Vikram Singh
2026-04-16,Night,Line-3/Machine-M2,Widget-C,250,220,8,Rajesh Kumar
2026-04-17,Morning,Line-1/Machine-M1,Widget-A,300,260,30,Rajesh Kumar
2026-04-18,Afternoon,Line-2/Machine-M2,Component-X,400,360,12,Priya Sharma
2026-04-19,Night,Line-3/Machine-M1,Assembly-Z,200,180,6,Amit Patel
2026-04-20,Morning,Line-1/Machine-M2,Widget-B,350,310,18,Sneha Desai
2026-04-21,Afternoon,Line-2/Machine-M1,Component-Y,450,390,22,Vikram Singh
2026-04-22,Night,Line-3/Machine-M2,Widget-C,250,225,9,Rajesh Kumar
2026-04-23,Morning,Line-1/Machine-M1,Widget-A,300,255,28,Rajesh Kumar
2026-04-24,Afternoon,Line-2/Machine-M2,Component-X,400,355,11,Priya Sharma
2026-04-25,Night,Line-3/Machine-M1,Assembly-Z,200,178,7,Amit Patel
2026-04-26,Morning,Line-1/Machine-M2,Widget-B,350,305,16,Sneha Desai
2026-04-27,Afternoon,Line-2/Machine-M1,Component-Y,450,385,21,Vikram Singh
2026-04-28,Night,Line-3/Machine-M2,Widget-C,250,222,8,Rajesh Kumar
2026-04-29,Morning,Line-1/Machine-M1,Widget-A,300,265,29,Rajesh Kumar
2026-04-30,Afternoon,Line-2/Machine-M2,Component-X,400,365,13,Priya Sharma
2026-05-01,Night,Line-3/Machine-M1,Assembly-Z,200,170,10,Amit Patel
2026-05-02,Morning,Line-1/Machine-M2,Widget-B,350,300,20,Sneha Desai
2026-05-03,Afternoon,Line-2/Machine-M1,Component-Y,450,370,40,Vikram Singh
2026-05-04,Night,Line-3/Machine-M2,Widget-C,250,210,30,Rajesh Kumar
2026-05-05,Morning,Line-1/Machine-M1,Widget-A,300,270,15,Rajesh Kumar
2026-05-06,Afternoon,Line-2/Machine-M2,Component-X,400,370,5,Priya Sharma
2026-05-07,Night,Line-3/Machine-M1,Assembly-Z,200,185,2,Amit Patel
2026-05-08,Morning,Line-1/Machine-M2,Widget-B,350,315,10,Sneha Desai
2026-05-09,Afternoon,Line-2/Machine-M1,Component-Y,450,400,0,Vikram Singh
2026-05-10,Night,Line-3/Machine-M2,Widget-C,250,230,3,Rajesh Kumar
2026-05-11,Morning,Line-1/Machine-M1,Widget-A,300,260,12,Rajesh Kumar
2026-05-12,Afternoon,Line-2/Machine-M2,Component-X,400,360,8,Priya Sharma
2026-05-13,Night,Line-3/Machine-M1,Assembly-Z,200,180,4,Amit Patel
2026-05-14,Morning,Line-1/Machine-M2,Widget-B,350,310,14,Sneha Desai
2026-05-15,Afternoon,Line-2/Machine-M1,Component-Y,450,390,18,Vikram Singh
2026-05-16,Night,Line-3/Machine-M2,Widget-C,250,225,6,Rajesh Kumar
2026-05-17,Morning,Line-1/Machine-M1,Widget-A,300,255,20,Rajesh Kumar
2026-05-18,Afternoon,Line-2/Machine-M2,Component-X,400,355,7,Priya Sharma
2026-05-19,Night,Line-3/Machine-M1,Assembly-Z,200,178,3,Amit Patel
2026-05-20,Morning,Line-1/Machine-M2,Widget-B,350,305,12,Sneha Desai
2026-05-21,Afternoon,Line-2/Machine-M1,Component-Y,450,385,15,Vikram Singh
2026-05-22,Night,Line-3/Machine-M2,Widget-C,250,222,5,Rajesh Kumar
2026-05-23,Morning,Line-1/Machine-M1,Widget-A,300,265,18,Rajesh Kumar
2026-05-24,Afternoon,Line-2/Machine-M2,Component-X,400,365,9,Priya Sharma
2026-05-25,Night,Line-3/Machine-M1,Assembly-Z,200,170,6,Amit Patel
2026-05-26,Morning,Line-1/Machine-M2,Widget-B,350,300,15,Sneha Desai
2026-05-27,Afternoon,Line-2/Machine-M1,Component-Y,450,370,30,Vikram Singh
2026-05-28,Night,Line-3/Machine-M2,Widget-C,250,210,20,Rajesh Kumar
2026-05-29,Morning,Line-1/Machine-M1,Widget-A,350,298,15,Rajesh Kumar
2026-05-30,Afternoon,Line-2/Machine-M2,Widget-B,400,352,5,Priya Sharma
2026-05-31,Night,Line-3/Machine-M1,Component-X,250,213,20,Amit Patel
2026-06-01,Morning,Line-1/Machine-M2,Widget-C,300,261,0,Sneha Desai
2026-06-02,Afternoon,Line-2/Machine-M1,Component-Y,450,384,10,Vikram Singh
2026-06-03,Night,Line-3/Machine-M2,Assembly-Z,200,174,25,Rajesh Kumar
2026-06-04,Morning,Line-1/Machine-M1,Widget-A,350,298,18,Rajesh Kumar
2026-06-05,Afternoon,Line-2/Machine-M2,Widget-B,400,352,7,Priya Sharma
2026-06-06,Night,Line-3/Machine-M1,Component-X,250,213,22,Amit Patel
2026-06-07,Morning,Line-1/Machine-M2,Widget-C,300,261,2,Sneha Desai
2026-06-08,Afternoon,Line-2/Machine-M1,Component-Y,450,384,12,Vikram Singh
2026-06-09,Night,Line-3/Machine-M2,Assembly-Z,200,174,27,Rajesh Kumar
2026-06-10,Morning,Line-1/Machine-M1,Widget-A,350,298,20,Rajesh Kumar
2026-06-11,Afternoon,Line-2/Machine-M2,Widget-B,400,352,9,Priya Sharma
2026-06-12,Night,Line-3/Machine-M1,Component-X,250,213,24,Amit Patel
2026-06-13,Morning,Line-1/Machine-M2,Widget-C,300,261,4,Sneha Desai
2026-06-14,Afternoon,Line-2/Machine-M1,Component-Y,450,384,14,Vikram Singh
2026-06-15,Night,Line-3/Machine-M2,Assembly-Z,200,174,29,Rajesh Kumar
2026-06-16,Morning,Line-1/Machine-M1,Widget-A,350,298,22,Rajesh Kumar
2026-06-17,Afternoon,Line-2/Machine-M2,Widget-B,400,352,11,Priya Sharma
2026-06-18,Night,Line-3/Machine-M1,Component-X,250,213,26,Amit Patel
2026-06-19,Morning,Line-1/Machine-M2,Widget-C,300,261,6,Sneha Desai
2026-06-20,Afternoon,Line-2/Machine-M1,Component-Y,450,384,16,Vikram Singh
2026-06-21,Night,Line-3/Machine-M2,Assembly-Z,200,174,31,Rajesh Kumar
2026-06-22,Morning,Line-1/Machine-M1,Widget-A,350,298,24,Rajesh Kumar
2026-06-23,Afternoon,Line-2/Machine-M2,Widget-B,400,352,13,Priya Sharma
2026-06-24,Night,Line-3/Machine-M1,Component-X,250,213,28,Amit Patel
2026-06-25,Morning,Line-1/Machine-M2,Widget-C,300,261,8,Sneha Desai
2026-06-26,Afternoon,Line-2/Machine-M1,Component-Y,450,384,18,Vikram Singh
2026-06-27,Night,Line-3/Machine-M2,Assembly-Z,200,174,33,Rajesh Kumar
2026-06-28,Morning,Line-1/Machine-M1,Widget-A,350,300,5,Priya Sharma
2026-06-29,Afternoon,Line-2/Machine-M2,Widget-B,400,345,0,Amit Patel
2026-06-30,Night,Line-3/Machine-M1,Component-X,250,210,10,Sneha Desai
2026-07-01,Morning,Line-1/Machine-M2,Widget-C,300,250,15,Vikram Singh
2026-07-02,Afternoon,Line-2/Machine-M1,Component-Y,450,390,20,Rajesh Kumar
2026-07-03,Night,Line-3/Machine-M2,Assembly-Z,200,180,5,Priya Sharma
2026-07-04,Morning,Line-1/Machine-M1,Widget-A,350,305,0,Amit Patel
2026-07-05,Afternoon,Line-2/Machine-M2,Widget-B,400,360,10,Sneha Desai
2026-07-06,Night,Line-3/Machine-M1,Component-X,250,220,15,Vikram Singh
2026-07-07,Morning,Line-1/Machine-M2,Widget-C,300,260,20,Rajesh Kumar
2026-07-08,Afternoon,Line-2/Machine-M1,Component-Y,450,395,5,Priya Sharma
2026-07-09,Night,Line-3/Machine-M2,Assembly-Z,200,185,0,Amit Patel
2026-07-10,Morning,Line-1/Machine-M1,Widget-A,350,310,10,Sneha Desai
2026-07-11,Afternoon,Line-2/Machine-M2,Widget-B,400,370,15,Vikram Singh
2026-07-12,Night,Line-3/Machine-M1,Component-X,250,230,20,Rajesh Kumar
2026-07-13,Morning,Line-1/Machine-M2,Widget-C,300,270,5,Priya Sharma
2026-07-14,Afternoon,Line-2/Machine-M1,Component-Y,450,400,0,Amit Patel
2026-07-15,Night,Line-3/Machine-M2,Assembly-Z,200,190,10,Sneha Desai
2026-07-16,Morning,Line-1/Machine-M1,Widget-A,350,308,15,Rajesh Kumar
2026-07-17,Afternoon,Line-2/Machine-M2,Widget-B,400,366,5,Priya Sharma
2026-07-18,Night,Line-3/Machine-M1,Component-X,250,220,0,Amit Patel
2026-07-19,Morning,Line-1/Machine-M2,Widget-C,300,275,20,Sneha Desai
2026-07-20,Afternoon,Line-2/Machine-M1,Component-Y,450,397,10,Vikram Singh
2026-07-21,Night,Line-3/Machine-M2,Assembly-Z,200,183,5,Rajesh Kumar
2026-07-22,Morning,Line-1/Machine-M1,Widget-A,350,309,12,Rajesh Kumar
2026-07-23,Afternoon,Line-2/Machine-M2,Widget-B,400,367,8,Priya Sharma
2026-07-24,Night,Line-3/Machine-M1,Component-X,250,221,2,Amit Patel
2026-07-25,Morning,Line-1/Machine-M2,Widget-C,300,276,22,Sneha Desai
2026-07-26,Afternoon,Line-2/Machine-M1,Component-Y,450,398,12,Vikram Singh
2026-07-27,Night,Line-3/Machine-M2,Assembly-Z,200,184,7,Rajesh Kumar
2026-07-28,Morning,Line-1/Machine-M1,Widget-A,350,307,17,Rajesh Kumar
2026-07-29,Afternoon,Line-2/Machine-M2,Widget-B,400,365,7,Priya Sharma
2026-07-30,Night,Line-3/Machine-M1,Component-X,250,219,1,Amit Patel
2026-07-31,Morning,Line-1/Machine-M2,Widget-C,300,274,21,Sneha Desai
2026-08-01,Afternoon,Line-2/Machine-M1,Component-Y,450,396,11,Vikram Singh
2026-08-02,Night,Line-3/Machine-M2,Assembly-Z,200,182,6,Rajesh Kumar
2026-08-03,Morning,Line-1/Machine-M1,Widget-A,350,310,16,Rajesh Kumar
2026-08-04,Afternoon,Line-2/Machine-M2,Widget-B,400,368,6,Priya Sharma
2026-08-05,Night,Line-3/Machine-M1,Component-X,250,222,3,Amit Patel
2026-08-06,Morning,Line-1/Machine-M2,Widget-C,300,277,23,Sneha Desai
2026-08-07,Afternoon,Line-2/Machine-M1,Component-Y,450,399,13,Vikram Singh
2026-08-08,Night,Line-3/Machine-M2,Assembly-Z,200,185,8,Rajesh Kumar
2026-08-09,Morning,Line-1/Machine-M1,Widget-A,350,306,18,Rajesh Kumar
2026-08-10,Afternoon,Line-2/Machine-M2,Widget-B,400,364,8,Priya Sharma
2026-08-11,Night,Line-3/Machine-M1,Component-X,250,218,2,Amit Patel
2026-08-12,Morning,Line-1/Machine-M2,Widget-C,300,273,20,Sneha Desai
2026-08-13,Afternoon,Line-2/Machine-M1,Component-Y,450,395,10,Vikram Singh
2026-08-14,Night,Line-3/Machine-M2,Assembly-Z,200,181,5,Rajesh Kumar
2026-08-15,Morning,Line-1/Machine-M1,Widget-A,350,305,19,Rajesh Kumar
2026-08-16,Afternoon,Line-2/Machine-M2,Widget-B,400,363,9,Priya Sharma
2026-08-17,Night,Line-3/Machine-M1,Component-X,250,217,1,Amit Patel
2026-08-18,Morning,Line-1/Machine-M2,Widget-C,300,272,19,Sneha Desai
2026-08-19,Afternoon,Line-2/Machine-M1,Component-Y,450,394,9,Vikram Singh
2026-08-20,Night,Line-3/Machine-M2,Assembly-Z,200,180,4,Rajesh Kumar
2026-08-21,Morning,Line-1/Machine-M1,Widget-A,350,304,20,Rajesh Kumar
2026-08-22,Afternoon,Line-2/Machine-M2,Widget-B,400,362,10,Priya Sharma
2026-08-23,Night,Line-3/Machine-M1,Component-X,250,216,0,Amit Patel
2026-08-24,Morning,Line-1/Machine-M2,Widget-C,300,271,18,Sneha Desai
2026-08-25,Afternoon,Line-2/Machine-M1,Component-Y,450,393,8,Vikram Singh
2026-08-26,Night,Line-3/Machine-M2,Assembly-Z,200,179,3,Rajesh Kumar
2026-08-27,Morning,Line-1/Machine-M1,Widget-A,350,303,21,Rajesh Kumar
2026-08-28,Afternoon,Line-2/Machine-M2,Widget-B,400,361,11,Priya Sharma
2026-08-29,Night,Line-3/Machine-M1,Component-X,250,215,0,Amit Patel
2026-08-30,Morning,Line-1/Machine-M2,Widget-C,300,270,17,Sneha Desai
2026-08-31,Afternoon,Line-2/Machine-M1,Component-Y,450,392,7,Vikram Singh
2026-09-01,Morning,Line-1/Machine-M1,Widget-A,300,255,15,Rajesh Kumar
2026-09-02,Afternoon,Line-1/Machine-M2,Widget-B,400,360,5,Priya Sharma
2026-09-03,Night,Line-2/Machine-M1,Component-X,250,215,20,Amit Patel
2026-09-04,Morning,Line-2/Machine-M2,Component-Y,350,310,10,Sneha Desai
2026-09-05,Afternoon,Line-3/Machine-M1,Assembly-Z,150,125,5,Vikram Singh
2026-09-06,Night,Line-3/Machine-M2,Widget-C,450,400,0,Rajesh Kumar
2026-09-07,Morning,Line-1/Machine-M1,Widget-A,300,245,25,Priya Sharma
2026-09-08,Afternoon,Line-1/Machine-M2,Widget-B,400,365,0,Amit Patel
2026-09-09,Night,Line-2/Machine-M1,Component-X,250,200,35,Sneha Desai
2026-09-10,Morning,Line-2/Machine-M2,Component-Y,350,315,5,Vikram Singh
2026-09-11,Afternoon,Line-3/Machine-M1,Assembly-Z,150,130,0,Rajesh Kumar
2026-09-12,Night,Line-3/Machine-M2,Widget-C,450,405,0,Priya Sharma
2026-09-13,Morning,Line-1/Machine-M1,Widget-A,300,250,20,Amit Patel
2026-09-14,Afternoon,Line-1/Machine-M2,Widget-B,400,370,0,Sneha Desai
2026-09-15,Night,Line-2/Machine-M1,Component-X,250,205,30,Vikram Singh
2026-09-16,Morning,Line-2/Machine-M2,Component-Y,350,305,15,Rajesh Kumar
2026-09-17,Afternoon,Line-3/Machine-M1,Assembly-Z,150,120,10,Priya Sharma
2026-09-18,Night,Line-3/Machine-M2,Widget-C,450,410,0,Amit Patel
2026-09-19,Morning,Line-1/Machine-M1,Widget-A,300,260,10,Sneha Desai
2026-09-20,Afternoon,Line-1/Machine-M2,Widget-B,400,355,15,Vikram Singh
2026-09-21,Night,Line-2/Machine-M1,Component-X,250,210,25,Rajesh Kumar
2026-09-22,Morning,Line-2/Machine-M2,Component-Y,350,320,0,Priya Sharma
2026-09-23,Afternoon,Line-3/Machine-M1,Assembly-Z,150,135,0,Amit Patel
2026-09-24,Night,Line-3/Machine-M2,Widget-C,450,415,0,Sneha Desai
2026-09-25,Morning,Line-1/Machine-M1,Widget-A,300,230,60,Vikram Singh
2026-09-26,Afternoon,Line-1/Machine-M2,Widget-B,400,360,10,Rajesh Kumar
2026-09-27,Night,Line-2/Machine-M1,Component-X,250,220,10,Priya Sharma
2026-09-28,Morning,Line-2/Machine-M2,Component-Y,350,310,10,Amit Patel
2026-09-29,Afternoon,Line-3/Machine-M1,Assembly-Z,150,125,5,Sneha Desai
2026-09-30,Night,Line-3/Machine-M2,Widget-C,450,420,0,Vikram Singh
2026-10-01,Morning,Line-1/Machine-M1,Widget-A,300,265,0,Rajesh Kumar
2026-10-02,Afternoon,Line-1/Machine-M2,Widget-B,400,365,0,Priya Sharma
2026-10-03,Night,Line-2/Machine-M1,Component-X,250,215,20,Amit Patel
2026-10-04,Morning,Line-2/Machine-M2,Component-Y,350,300,30,Sneha Desai
2026-10-05,Afternoon,Line-3/Machine-M1,Assembly-Z,150,130,0,Vikram Singh
2026-10-06,Night,Line-3/Machine-M2,Widget-C,450,410,0,Rajesh Kumar
2026-10-07,Morning,Line-1/Machine-M1,Widget-A,300,255,10,Priya Sharma
2026-10-08,Afternoon,Line-1/Machine-M2,Widget-B,400,375,0,Amit Patel
2026-10-09,Night,Line-2/Machine-M1,Component-X,250,200,40,Sneha Desai
2026-10-10,Morning,Line-2/Machine-M2,Component-Y,350,325,0,Vikram Singh
2026-10-11,Afternoon,Line-3/Machine-M1,Assembly-Z,150,130,0,Rajesh Kumar
2026-10-12,Night,Line-3/Machine-M2,Widget-C,450,400,15,Priya Sharma
2026-10-13,Morning,Line-1/Machine-M1,Widget-A,300,240,45,Amit Patel
2026-10-14,Afternoon,Line-1/Machine-M2,Widget-B,400,370,0,Sneha Desai
2026-10-15,Night,Line-2/Machine-M1,Component-X,250,210,25,Vikram Singh
2026-10-16,Morning,Line-2/Machine-M2,Component-Y,350,315,5,Rajesh Kumar
